{"inputs": {"fixed acidity": [7.6, 7.9, 8.7, 7.4], "volatile acidity": [0.5, 0.52, 0.78, 1.185], "citric acid": [0.29, 0.26, 0.51, 0.0], "residual sugar": [2.3, 1.9, 1.7, 4.25], "chlorides": [0.086, 0.079, 0.415, 0.09699999999999999], "free sulfur dioxide": [5.0, 42.0, 12.0, 5.0], "total sulfur dioxide": [14.0, 140.0, 66.0, 14.0], "density": [0.9950200000000001, 0.9964, 0.99623, 0.9966], "pH": [3.32, 3.23, 3.0, 3.63], "sulphates": [0.62, 0.54, 1.17, 0.54], "alcohol": [11.5, 9.5, 9.2, 10.7]}}