{"inputs": {"fixed acidity": [7.2, 7.5, 8.4, 11.5], "volatile acidity": [0.49, 0.685, 0.715, 0.35], "citric acid": [0.24, 0.07, 0.2, 0.49], "residual sugar": [2.2, 2.5, 2.4, 3.3], "chlorides": [0.07, 0.057999999999999996, 0.076, 0.07], "free sulfur dioxide": [5.0, 5.0, 10.0, 10.0], "total sulfur dioxide": [36.0, 9.0, 38.0, 37.0], "density": [0.996, 0.9963200000000001, 0.99735, 1.0003], "pH": [3.33, 3.38, 3.31, 3.32], "sulphates": [0.48, 0.55, 0.64, 0.91], "alcohol": [9.4, 10.9, 9.4, 11.0]}}