{"inputs": {"fixed acidity": [15.9, 7.7, 6.7, 8.1], "volatile acidity": [0.36, 0.54, 0.54, 0.66], "citric acid": [0.65, 0.26, 0.13, 0.7], "residual sugar": [7.5, 1.9, 2.0, 2.2], "chlorides": [0.096, 0.08900000000000001, 0.076, 0.098], "free sulfur dioxide": [22.0, 23.0, 15.0, 25.0], "total sulfur dioxide": [71.0, 147.0, 36.0, 129.0], "density": [0.9976, 0.99636, 0.9973, 0.9972], "pH": [2.98, 3.26, 3.61, 3.08], "sulphates": [0.84, 0.59, 0.64, 0.53], "alcohol": [14.9, 9.7, 9.8, 9.0]}}