{"inputs": {"fixed acidity": [7.2, 7.5, 5.6, 6.3], "volatile acidity": [0.655, 0.42, 0.66, 0.76], "citric acid": [0.03, 0.31, 0.0, 0.0], "residual sugar": [1.8, 1.6, 2.2, 2.9], "chlorides": [0.078, 0.08, 0.087, 0.07200000000000001], "free sulfur dioxide": [7.0, 15.0, 3.0, 26.0], "total sulfur dioxide": [12.0, 42.0, 11.0, 52.0], "density": [0.99587, 0.9978, 0.9937799999999999, 0.99379], "pH": [3.34, 3.31, 3.71, 3.51], "sulphates": [0.39, 0.64, 0.63, 0.6], "alcohol": [9.5, 9.0, 12.8, 11.5]}}